"Дата","Цена","Откр.","Макс.","Мин.","Объём","Изм. %"
"27.04.2025","392,70","391,82","392,73","386,70","17,70M","0,22%"
"20.04.2025","391,85","362,82","392,16","355,67","102,04M","6,54%"
"13.04.2025","367,78","393,22","394,65","366,89","79,54M","-5,32%"
"06.04.2025","388,45","350,88","393,23","344,79","198,36M","7,95%"
"30.03.2025","359,84","372,54","385,08","359,48","150,37M","-5,01%"
"23.03.2025","378,80","395,40","396,36","376,93","88,31M","-3,18%"
"16.03.2025","391,26","386,70","392,70","381,10","119,29M","0,69%"
"09.03.2025","388,56","385,84","390,23","376,91","127,90M","-1,21%"
"02.03.2025","393,31","398,82","402,15","381,00","121,12M","-0,93%"
"23.02.2025","396,99","408,51","409,37","386,57","129,42M","-2,75%"
"16.02.2025","408,21","408,00","419,31","406,50","96,57M","-0,05%"
"09.02.2025","408,43","413,71","415,46","404,37","104,73M","-0,32%"
"02.02.2025","409,75","411,60","418,65","408,10","101,74M","-1,28%"
"26.01.2025","415,06","424,01","448,38","413,16","171,53M","-6,53%"
"19.01.2025","444,06","430,20","447,27","425,60","87,83M","3,50%"
"12.01.2025","429,03","415,23","434,48","410,72","95,68M","2,41%"
"05.01.2025","418,95","428,00","434,32","415,02","73,97M","-1,04%"
"29.12.2024","423,35","426,06","427,55","414,85","59,96M","-1,67%"
"22.12.2024","430,53","436,74","440,94","426,35","52,63M","-1,39%"
"15.12.2024","436,60","447,27","455,29","428,63","158,00M","-2,39%"
"08.12.2024","447,27","442,60","456,16","440,50","97,83M","0,83%"
"01.12.2024","443,57","421,57","446,10","421,31","105,04M","4,75%"
"24.11.2024","423,46","418,38","429,04","414,85","85,75M","1,55%"
"17.11.2024","417,00","414,87","419,78","410,29","107,66M","0,48%"
"10.11.2024","415,00","422,52","429,33","413,64","123,90M","-1,78%"
"03.11.2024","422,54","409,80","426,85","405,57","100,77M","2,97%"
"27.10.2024","410,37","431,65","438,50","406,30","140,48M","-4,15%"
"20.10.2024","428,15","416,12","432,52","413,75","89,82M","2,39%"
"13.10.2024","418,16","417,77","424,04","410,48","83,03M","0,44%"
"06.10.2024","416,32","416,00","420,38","408,17","83,12M","0,06%"
"29.09.2024","416,06","428,21","430,42","414,29","85,41M","-2,79%"
"22.09.2024","428,02","434,28","436,46","426,10","74,93M","-1,67%"
"15.09.2024","435,27","430,60","441,85","428,22","128,48M","1,09%"
"08.09.2024","430,59","407,24","431,83","402,15","87,45M","7,19%"
"01.09.2024","401,70","417,91","419,88","400,80","69,25M","-3,70%"
"25.08.2024","417,14","416,36","422,05","407,31","82,88M","0,08%"
"18.08.2024","416,79","418,96","426,79","412,09","85,54M","-0,40%"
"11.08.2024","418,47","407,06","421,34","404,24","97,97M","3,07%"
"04.08.2024","406,02","389,17","410,08","385,58","125,79M","-0,60%"
"28.07.2024","408,49","431,58","432,15","404,34","150,44M","-3,95%"
"21.07.2024","425,27","441,79","448,39","417,27","109,25M","-2,71%"
"14.07.2024","437,11","453,30","457,26","432,00","95,09M","-3,62%"
"07.07.2024","453,55","466,55","467,70","450,64","87,82M","-3,00%"
"30.06.2024","467,56","448,66","468,35","445,66","57,58M","4,61%"
"23.06.2024","446,95","449,80","456,17","446,41","92,34M","-0,63%"
"16.06.2024","449,78","442,58","450,94","440,72","92,27M","1,63%"
"09.06.2024","442,57","424,70","443,40","423,89","80,46M","4,42%"
"02.06.2024","423,85","415,52","426,28","408,92","77,30M","2,10%"
"26.05.2024","415,13","429,63","430,94","404,51","107,66M","-3,49%"
"19.05.2024","430,16","420,21","433,60","419,99","84,87M","2,37%"
"12.05.2024","420,21","418,01","425,42","410,82","85,67M","1,32%"
"05.05.2024","414,74","408,76","415,38","406,37","76,90M","1,99%"
"28.04.2024","406,66","405,25","407,15","389,17","107,08M","0,08%"
"21.04.2024","406,32","400,08","413,00","388,03","121,37M","1,80%"
"14.04.2024","399,12","426,60","426,82","397,77","104,49M","-5,40%"
"07.04.2024","421,90","425,17","429,37","419,70","80,22M","-0,85%"
"31.03.2024","425,52","423,95","428,67","417,57","86,66M","1,14%"
"24.03.2024","420,72","425,24","427,41","419,01","73,36M","-1,87%"
"17.03.2024","428,74","414,25","430,82","413,78","96,75M","2,96%"
"10.03.2024","416,42","403,76","427,82","401,26","134,93M","2,51%"
"03.03.2024","406,22","413,44","417,35","398,39","103,58M","-2,23%"
"25.02.2024","415,50","411,45","415,87","403,85","93,98M","1,26%"
"18.02.2024","410,34","403,24","415,86","397,22","86,24M","1,55%"
"11.02.2024","404,06","420,55","420,74","403,39","113,55M","-3,92%"
"04.02.2024","420,55","409,90","420,82","402,91","109,33M","2,27%"
"28.01.2024","411,22","406,06","415,32","397,21","164,77M","1,80%"
"21.01.2024","403,93","400,02","407,01","393,59","111,23M","1,32%"
"14.01.2024","398,67","393,66","398,67","384,81","102,16M","2,63%"
"07.01.2024","388,47","369,30","390,68","369,01","118,99M","5,63%"
"31.12.2023","367,75","373,86","375,90","366,50","90,25M","-2,20%"
"24.12.2023","376,04","375,00","377,16","372,81","60,64M","0,39%"
"17.12.2023","374,58","369,45","376,03","368,68","103,54M","1,04%"
"10.12.2023","370,73","368,48","377,64","364,13","205,28M","-0,94%"
"03.12.2023","374,23","369,10","374,46","362,90","119,58M","-0,07%"
"26.11.2023","374,51","376,78","384,30","371,31","135,19M","-0,77%"
"19.11.2023","377,43","371,22","379,79","371,00","114,49M","2,05%"
"12.11.2023","369,85","368,22","376,35","365,90","142,04M","0,05%"
"05.11.2023","369,67","353,45","370,10","353,35","129,34M","4,78%"
"29.10.2023","352,80","333,41","354,39","331,83","119,24M","6,97%"
"22.10.2023","329,81","325,47","346,20","324,39","178,27M","0,96%"
"15.10.2023","326,67","331,05","336,88","325,45","113,73M","-0,32%"
"08.10.2023","327,73","324,75","333,83","323,18","100,91M","0,14%"
"01.10.2023","327,26","316,28","329,19","311,21","104,96M","3,65%"
"24.09.2023","315,75","316,59","319,47","309,45","107,37M","-0,40%"
"17.09.2023","317,01","327,80","330,40","315,00","111,79M","-4,00%"
"10.09.2023","330,22","337,24","340,86","329,65","108,64M","-1,21%"
"03.09.2023","334,27","329,00","336,16","328,66","74,02M","1,71%"
"27.08.2023","328,66","325,66","331,99","321,72","90,67M","1,76%"
"20.08.2023","322,98","317,93","332,98","317,04","106,27M","2,05%"
"13.08.2023","316,48","321,39","325,09","311,55","102,51M","-1,41%"
"06.08.2023","321,01","328,37","331,11","319,21","106,91M","-2,07%"
"30.07.2023","327,78","336,92","338,54","325,95","113,69M","-3,13%"
"23.07.2023","338,37","345,85","351,89","329,05","194,86M","-1,57%"
"16.07.2023","343,77","345,68","366,78","339,83","228,15M","-0,43%"
"09.07.2023","345,24","334,60","351,43","327,00","138,40M","2,38%"
"02.07.2023","337,22","339,19","342,99","334,73","80,09M","-0,97%"
"25.06.2023","340,54","333,72","342,73","328,49","109,96M","1,65%"
"18.06.2023","335,02","339,31","342,08","332,07","98,20M","-2,14%"
"11.06.2023","342,33","328,58","351,47","325,16","158,71M","4,76%"
"04.06.2023","326,79","335,22","338,56","322,50","128,23M","-2,57%"
"28.05.2023","335,40","335,23","337,50","324,72","128,10M","0,75%"
"21.05.2023","332,89","318,60","333,40","312,61","158,23M","4,57%"
"14.05.2023","318,34","309,10","319,04","307,59","122,20M","3,03%"
"07.05.2023","308,97","310,13","313,00","306,09","124,19M","-0,54%"
"30.04.2023","310,65","306,97","311,97","303,40","120,78M","1,10%"
"23.04.2023","307,26","282,09","308,93","275,37","219,91M","7,52%"
"16.04.2023","285,76","289,93","291,76","283,06","106,07M","-0,13%"
"09.04.2023","286,14","289,21","289,90","281,64","122,99M","-1,87%"
"02.04.2023","291,60","286,52","292,08","282,03","102,54M","1,14%"
"26.03.2023","288,30","280,50","289,27","272,05","131,63M","2,76%"
"19.03.2023","280,57","276,98","281,06","269,52","177,71M","0,41%"
"12.03.2023","279,43","247,40","283,33","245,73","237,35M","12,41%"
"05.03.2023","248,59","256,42","260,12","247,60","117,91M","-2,62%"
"26.02.2023","255,29","252,46","255,62","245,61","126,84M","2,44%"
"19.02.2023","249,22","254,48","256,84","248,10","105,10M","-3,43%"
"12.02.2023","258,06","267,64","274,97","256,00","170,24M","-1,92%"
"05.02.2023","263,10","257,44","276,76","254,78","196,24M","1,84%"
"29.01.2023","258,35","244,51","264,69","242,20","152,69M","4,11%"
"22.01.2023","248,16","241,10","249,83","230,90","198,65M","3,31%"
"15.01.2023","240,22","237,97","242,38","230,68","123,87M","0,41%"
"08.01.2023","239,23","226,45","239,90","226,41","131,68M","6,36%"
"01.01.2023","224,93","243,08","245,75","219,35","159,56M","-6,21%"
"25.12.2022","239,82","238,70","241,92","234,17","75,85M","0,46%"
"18.12.2022","238,73","244,86","245,62","233,87","128,40M","-2,44%"
"11.12.2022","244,69","247,45","263,92","243,51","229,94M","-0,30%"
"04.12.2022","245,42","252,01","253,82","242,21","109,60M","-3,76%"
"27.11.2022","255,02","246,08","256,12","238,21","137,93M","3,04%"
"20.11.2022","247,49","241,43","248,70","240,71","74,77M","2,60%"
"13.11.2022","241,22","241,99","247,00","237,63","137,34M","-2,38%"
"06.11.2022","247,11","221,99","247,99","221,28","170,43M","11,62%"
"30.10.2022","221,39","233,76","235,74","213,43","170,78M","-6,14%"
"23.10.2022","235,87","243,76","251,04","225,78","223,44M","-2,58%"
"16.10.2022","242,12","235,82","243,93","234,29","122,57M","5,93%"
"09.10.2022","228,56","233,05","237,24","219,13","154,87M","-2,42%"
"02.10.2022","234,24","235,41","250,58","233,17","142,13M","0,58%"
"25.09.2022","232,90","237,04","242,33","232,73","146,92M","-2,11%"
"18.09.2022","237,92","242,46","247,66","235,20","147,35M","-2,79%"
"11.09.2022","244,74","265,78","267,45","242,06","147,34M","-7,46%"
"04.09.2022","264,46","256,20","265,23","251,94","87,87M","3,28%"
"28.08.2022","256,06","265,85","267,40","254,47","114,02M","-4,49%"
"21.08.2022","268,09","282,08","282,46","267,98","104,86M","-6,31%"
"14.08.2022","286,15","291,00","294,18","285,56","92,20M","-1,97%"
"07.08.2022","291,91","284,05","291,91","277,61","109,54M","3,18%"
"31.07.2022","282,91","277,82","283,80","272,38","102,69M","0,77%"
"24.07.2022","280,74","260,99","282,00","249,57","172,01M","7,83%"
"17.07.2022","260,36","259,75","265,33","253,30","113,06M","1,42%"
"10.07.2022","256,72","265,65","266,53","245,94","139,76M","-4,09%"
"03.07.2022","267,66","256,16","269,05","254,74","87,31M","3,11%"
"26.06.2022","259,58","268,20","268,30","252,90","126,63M","-3,03%"
"19.06.2022","267,70","250,26","267,98","249,51","115,67M","8,10%"
"12.06.2022","247,65","245,11","255,30","241,51","184,15M","-2,11%"
"05.06.2022","252,99","272,06","274,18","252,53","120,52M","-6,31%"
"29.05.2022","270,02","272,53","277,69","261,60","135,19M","-1,18%"
"22.05.2022","273,24","255,49","273,34","253,43","142,68M","8,19%"
"15.05.2022","252,56","259,95","268,33","246,44","164,63M","-3,28%"
"08.05.2022","261,12","270,06","273,75","250,02","222,00M","-4,95%"
"01.05.2022","274,73","277,71","290,88","271,27","175,77M","-1,01%"
"24.04.2022","277,52","273,29","290,98","270,00","216,40M","1,27%"
"17.04.2022","274,03","278,91","293,30","273,38","124,84M","-2,07%"
"10.04.2022","279,83","291,79","292,61","279,32","115,66M","-5,77%"
"03.04.2022","296,97","310,09","315,11","296,28","143,38M","-4,02%"
"27.03.2022","309,42","304,33","315,95","304,33","148,67M","1,89%"
"20.03.2022","303,68","298,89","305,50","294,90","128,72M","1,08%"
"13.03.2022","300,43","280,34","301,00","275,82","176,94M","7,27%"
"06.03.2022","280,07","288,53","289,69","270,00","184,36M","-3,38%"
"27.02.2022","289,86","294,31","303,13","287,17","157,40M","-2,51%"
"20.02.2022","297,31","285,00","297,63","271,52","169,08M","3,26%"
"13.02.2022","287,93","293,77","300,87","286,30","160,45M","-2,41%"
"06.02.2022","295,04","306,17","311,93","294,22","176,80M","-3,56%"
"30.01.2022","305,94","308,95","315,12","299,96","202,86M","-0,75%"
"23.01.2022","308,26","292,20","308,50","276,05","352,54M","4,13%"
"16.01.2022","296,03","304,07","313,91","295,61","181,73M","-4,57%"
"09.01.2022","310,20","309,48","323,41","303,75","193,26M","-1,22%"
"02.01.2022","314,04","335,35","338,00","310,09","174,01M","-6,62%"
"26.12.2021","336,32","335,46","344,30","335,43","84,65M","0,49%"
"19.12.2021","334,69","320,05","336,39","317,57","97,52M","3,36%"
"12.12.2021","323,80","340,68","343,79","317,25","191,74M","-5,47%"
"05.12.2021","342,54","323,95","343,00","319,23","146,13M","6,05%"
"28.11.2021","323,01","334,94","339,28","318,03","177,40M","-2,02%"
"21.11.2021","329,68","344,62","349,67","328,12","107,34M","-3,91%"
"14.11.2021","343,11","337,54","345,10","334,03","101,09M","1,90%"
"07.11.2021","336,72","337,30","338,72","329,92","108,39M","0,20%"
"31.10.2021","336,06","331,36","338,79","326,37","121,62M","1,34%"
"24.10.2021","331,62","309,36","332,00","306,46","159,31M","7,26%"
"17.10.2021","309,16","303,57","311,09","302,69","91,32M","1,63%"
"10.10.2021","304,21","292,92","304,45","292,35","113,34M","3,17%"
"03.10.2021","294,85","287,40","296,64","280,25","122,46M","1,99%"
"26.09.2021","289,10","296,14","296,47","281,29","155,54M","-3,42%"
"19.09.2021","299,35","296,33","300,90","289,52","120,87M","-0,17%"
"12.09.2021","299,87","297,55","305,32","294,08","134,79M","1,41%"
"05.09.2021","295,71","301,01","302,14","295,38","71,79M","-1,80%"
"29.08.2021","301,14","301,11","305,19","300,18","92,66M","0,47%"
"22.08.2021","299,72","303,24","305,65","296,83","101,28M","-1,52%"
"15.08.2021","304,36","293,19","305,84","288,64","135,07M","3,93%"
"08.08.2021","292,85","289,75","292,90","285,20","81,51M","1,17%"
"01.08.2021","289,46","286,36","289,63","283,74","80,83M","1,60%"
"25.07.2021","284,91","289,00","290,15","282,95","129,46M","-1,64%"
"18.07.2021","289,67","278,93","289,99","274,45","129,71M","3,18%"
"11.07.2021","280,75","279,16","284,10","276,58","116,96M","1,01%"
"04.07.2021","277,94","278,03","280,69","274,30","103,36M","0,10%"
"27.06.2021","277,65","266,18","278,00","265,91","104,38M","4,77%"
"20.06.2021","265,02","259,82","267,85","257,92","117,97M","2,15%"
"13.06.2021","259,43","257,90","262,30","254,42","129,18M","0,60%"
"06.06.2021","257,89","249,98","258,49","249,81","107,04M","2,83%"
"30.05.2021","250,79","251,23","251,65","243,00","93,21M","0,44%"
"23.05.2021","249,68","247,79","252,94","247,51","99,59M","1,84%"
"16.05.2021","245,17","246,55","248,33","238,60","114,54M","-1,20%"
"09.05.2021","248,15","250,87","251,73","238,07","153,15M","-1,71%"
"02.05.2021","252,46","253,40","254,35","244,69","127,81M","0,11%"
"25.04.2021","252,18","261,66","263,19","249,00","169,21M","-3,43%"
"18.04.2021","261,15","260,19","261,78","255,64","114,07M","0,16%"
"11.04.2021","260,74","254,71","261,00","254,62","124,56M","1,91%"
"04.04.2021","255,85","242,76","255,99","242,70","130,51M","5,57%"
"28.03.2021","242,35","236,59","242,84","231,10","123,98M","2,48%"
"21.03.2021","236,48","230,27","241,05","230,14","146,93M","2,66%"
"14.03.2021","230,35","234,96","240,05","229,35","164,98M","-2,29%"
"07.03.2021","235,75","231,37","239,17","227,13","150,66M","1,79%"
"28.02.2021","231,60","235,90","237,47","224,26","168,78M","-0,34%"
"21.02.2021","232,38","237,42","237,93","227,88","170,38M","-3,56%"
"14.02.2021","240,97","245,03","246,13","240,18","90,59M","-1,64%"
"07.02.2021","244,99","243,15","245,92","240,81","100,28M","1,15%"
"31.01.2021","242,20","235,06","245,09","232,43","129,74M","4,41%"